{
  "current_iteration": 99,
  "best_score": 0.8188575502147561,
  "score_history": [
    0.8188575502147561,
    0.771163347559495,
    0.7428527534289087,
    0.7382502005281864,
    0.7479884713129048,
    0.7924378342586265,
    0.7555694493036885,
    0.7706010728027829,
    0.7749772123216279,
    0.8033016842909095,
    0.7488636526196368,
    0.7659301441408535,
    0.7869523623714323,
    0.784886745805231,
    0.7477096004713163,
    0.7442057445290118,
    0.237,
    0.7742980355465346,
    0.7766548807543333,
    0.7602222244324783,
    0.7348334339192336,
    0.7368343249906417,
    0.7923975356023456,
    0.6856575643229312,
    0.7501966906989429,
    0.7082861611039666,
    0.701991772498356,
    0.737802025012772,
    0.7816129888633542,
    0.8113955647070777,
    0.7803541598849433,
    0.7130257944587773,
    0.264,
    0.7538179423933673,
    0.7458988991191943,
    0.8044677922249779,
    0.7679468559427394,
    0.7326292408506851,
    0.7435542577695153,
    0.754816596725366,
    0.7309336457385925,
    0.276,
    0.7781679419787293,
    0.7164688166850988,
    0.770336986242193,
    0.7445083791101532,
    0.7635661748102959,
    0.7638452350166125,
    0.7453389565402041,
    0.7580540635180458,
    0.806952254757993,
    0.24,
    0.6487844987133112,
    0.7970566931973405,
    0.7590829845715973,
    0.23399999999999999,
    0.7385359016337314,
    0.7704788274239569,
    0.7413809684858939,
    0.7589391157538617,
    0.7698692938034483,
    0.7961026518468333,
    0.7255798600766925,
    0.8123650985738976,
    0.7480658106630408,
    0.264,
    0.7130621569408645,
    0.7123375472834579,
    0.8004630984296707,
    0.7608383618696913,
    0.7705098163864802,
    0.6805967126664426,
    0.721826956528963,
    0.764569781979569,
    0.20400000000000001,
    0.7611429048532049,
    0.7412795719183314,
    0.7687902766058773,
    0.6762289592599898,
    0.7292225197457356,
    0.7468741305255686,
    0.7644795731103903,
    0.7544540048231096,
    0.7062181785846948,
    0.6839265724278307,
    0.8064115304114233,
    0.7624480735418001,
    0.7100561313159318,
    0.7227359354153763,
    0.21,
    0.681857166605763,
    0.7742375687977232,
    0.243,
    0.7708588326271467,
    0.237,
    0.7631044270599917,
    0.7420521103520661,
    0.7700164428069357,
    0.7707902345095554,
    0.7482537748362313,
    0.7505248819621193
  ],
  "best_score_history": [
    0.8188575502147561,
    0.8188575502147561,
    0.8188575502147561,
    0.8188575502147561,
    0.8188575502147561,
    0.8188575502147561,
    0.8188575502147561,
    0.8188575502147561,
    0.8188575502147561,
    0.8188575502147561,
    0.8188575502147561,
    0.8188575502147561,
    0.8188575502147561,
    0.8188575502147561,
    0.8188575502147561,
    0.8188575502147561,
    0.8188575502147561,
    0.8188575502147561,
    0.8188575502147561,
    0.8188575502147561,
    0.8188575502147561,
    0.8188575502147561,
    0.8188575502147561,
    0.8188575502147561,
    0.8188575502147561,
    0.8188575502147561,
    0.8188575502147561,
    0.8188575502147561,
    0.8188575502147561,
    0.8188575502147561,
    0.8188575502147561,
    0.8188575502147561,
    0.8188575502147561,
    0.8188575502147561,
    0.8188575502147561,
    0.8188575502147561,
    0.8188575502147561,
    0.8188575502147561,
    0.8188575502147561,
    0.8188575502147561,
    0.8188575502147561,
    0.8188575502147561,
    0.8188575502147561,
    0.8188575502147561,
    0.8188575502147561,
    0.8188575502147561,
    0.8188575502147561,
    0.8188575502147561,
    0.8188575502147561,
    0.8188575502147561,
    0.8188575502147561,
    0.8188575502147561,
    0.8188575502147561,
    0.8188575502147561,
    0.8188575502147561,
    0.8188575502147561,
    0.8188575502147561,
    0.8188575502147561,
    0.8188575502147561,
    0.8188575502147561,
    0.8188575502147561,
    0.8188575502147561,
    0.8188575502147561,
    0.8188575502147561,
    0.8188575502147561,
    0.8188575502147561,
    0.8188575502147561,
    0.8188575502147561,
    0.8188575502147561,
    0.8188575502147561,
    0.8188575502147561,
    0.8188575502147561,
    0.8188575502147561,
    0.8188575502147561,
    0.8188575502147561,
    0.8188575502147561,
    0.8188575502147561,
    0.8188575502147561,
    0.8188575502147561,
    0.8188575502147561,
    0.8188575502147561,
    0.8188575502147561,
    0.8188575502147561,
    0.8188575502147561,
    0.8188575502147561,
    0.8188575502147561,
    0.8188575502147561,
    0.8188575502147561,
    0.8188575502147561,
    0.8188575502147561,
    0.8188575502147561,
    0.8188575502147561,
    0.8188575502147561,
    0.8188575502147561,
    0.8188575502147561,
    0.8188575502147561,
    0.8188575502147561,
    0.8188575502147561,
    0.8188575502147561,
    0.8188575502147561,
    0.8188575502147561
  ],
  "generations_without_improvement": 80,
  "objective": "Optimize the Harmony algorithm implementation for:\n\n1. **Integration Quality** (40% weight): Improve batch mixing while preserving biological structure.\n   - The algorithm should effectively remove batch effects\n   - Biological clusters should remain distinct after correction\n\n2. **Performance** (20% weight): Reduce execution time.\n   - Optimize hot loops and matrix operations\n   - Consider vectorization opportunities\n   - Avoid redundant computations\n\n3. **Convergence** (10% weight): Improve convergence behavior.\n   - Reduce number of iterations needed\n   - Ensure stable convergence\n\n4. **Biological Conservation** (30% weight): Preserve biological variance.\n   - Don't over-correct and remove biological signal\n   - Maintain cluster separation\n\nKey areas to consider:\n- The _update_R() method computes soft cluster assignments\n- The _correct() method applies linear corrections\n- The _compute_distances() method is called frequently\n- Ridge regression in _correct() could be optimized\n- The diversity penalty in _update_R() balances batch mixing\n\nConstraints:\n- Keep the public API (run_harmony function signature)\n- Maintain numerical stability\n- Don't remove essential functionality\n",