{
  "current_iteration": 49,
  "best_score": 0.7,
  "score_history": [
    0.5,
    0.0,
    0.0,
    0.0,
    0.7,
    0.7,
    0.3,
    0.3,
    0.3553483959172311,
    0.0,
    0.7,
    0.0,
    0.0,
    0.0,
    0.4143993995329228,
    0.7,
    0.3,
    0.3,
    0.7,
    0.0,
    0.35908708093041464,
    0.3638278974529923,
    0.44064925633970176,
    0.0,
    0.0,
    0.6552421807778475,
    0.7,
    0.43683252933698646,
    0.5894078679428745,
    0.7,
    0.0,
    0.624924549442138,
    0.6358273604125302,
    0.6842719651624837,
    0.6521623492882576,
    0.6661715590135207,
    0.7,
    0.6786001843658098,
    0.0,
    0.6865597195129167,
    0.6908739376470163,
    0.693625273680472,
    0.6452413161662176,
    0.7,
    0.6902070219735859,
    0.0,
    0.670989504197975,
    0.652847581718215,
    0.0,
    0.685535587329964,
    0.6691704208876603
  ],
  "best_score_history": [
    0.5,
    0.5,
    0.5,
    0.5,
    0.7,
    0.7,
    0.7,
    0.7,
    0.7,
    0.7,
    0.7,
    0.7,
    0.7,
    0.7,
    0.7,
    0.7,
    0.7,
    0.7,
    0.7,
    0.7,
    0.7,
    0.7,
    0.7,
    0.7,
    0.7,
    0.7,
    0.7,
    0.7,
    0.7,
    0.7,
    0.7,
    0.7,
    0.7,
    0.7,
    0.7,
    0.7,
    0.7,
    0.7,
    0.7,
    0.7,
    0.7,
    0.7,
    0.7,
    0.7,
    0.7,
    0.7,
    0.7,
    0.7,
    0.7,
    0.7,
    0.7
  ],
  "generations_without_improvement": 7,
  "objective": "Optimize the TopACT spatial transcriptomics annotation implementation for:\n\n1. **Speed** (40% weight): Reduce execution time of the full pipeline.\n   - Optimize matrix operations and avoid redundant computations\n   - Consider vectorization opportunities in numpy/scipy operations\n   - Improve the efficiency of spatial grid construction and neighborhood aggregation\n   - Optimize the multiscale classification loop\n\n2. **Fidelity** (60% weight): Maintain output consistency with the original implementation.\n   - The annotation output must match the reference output\n   - Fidelity below 90% is unacceptable (score drops to 0)\n   - Preserve the mathematical correctness of all operations\n\nConstraints:\n- Keep the public API (CountMatrix, SVCClassifier, CountGrid, etc.)\n- Maintain the same classification pipeline structure\n- Don't remove essential functionality\n- Don't change the output format\n",
  "evaluator_code": "\"\"\"\nEvaluator for TopACT Evolution.\n\nMeasures:\n1. Speed (40% weight): Execution time of the full TopACT pipeline\n2. Fidelity (60% weight): Output consistency with the original implementation\n   - If fidelity < 90%, fidelity score is set to 0\n\nThe evaluator runs the complete TopACT pipeline:\n  load data -> train SVM -> build spatial grid -> multiscale classify -> annotate\nand compares the annotation output to a pre-computed reference.\n\"\"\"\n\nimport multiprocessing\nimport os\nimport sys\nimport time\nfrom pathlib import Path\nfrom typing import Any, Dict\n\nimport numpy as np\n\n# Use fork start method to avoid spawn issues in subprocess contexts (macOS)\ntry:\n    multiprocessing.set_start_method(\"fork\")\nexcept RuntimeError:\n    pass  # Already set\n\n\ndef evaluate(workspace_path: str) -> Dict[str, Any]:\n    \"\"\"\n    Evaluate an evolved TopACT implementation.\n\n    Args:\n        workspace_path: Path to workspace containing the evolved topact/ package.\n\n    Returns:\n        Dictionary with metrics and fitness_weights.\n    \"\"\"\n    # Clear cached topact modules to force reload from workspace\n    for key in list(sys.modules.keys()):\n        if key.startswith(\"topact\"):\n            del sys.modules[key]\n\n    # Import topact from workspace (sys.path[0] is already workspace_path)\n    try:\n        from scipy import io\n        import pandas as pd\n        from topact.countdata import CountMatrix\n        from topact.classifier import SVCClassifier, train_from_countmatrix\n        from topact import spatial\n    except Exception as e:\n        return {\"function_score\": 0.0, \"error\": f\"Import failed: {e}\"}\n\n    # Get data directory\n    data_dir_str = os.environ.get(\"TOPACT_DATA_DIR\", \"\")\n    if not data_dir_str:\n        return {\"function_score\": 0.0, \"error\": \"TOPACT_DATA_DIR not set\"}\n    data_dir = Path(data_dir_str)\n\n    # Load reference output and input data\n    try:\n        reference = np.loadtxt(data_dir / \"reference_output.txt\")\n\n        mtx = io.mmread(str(data_dir / \"scmatrix.mtx\")).T\n        with open(data_dir / \"scgenes.txt\") as f:\n            genes = [line.rstrip() for line in f]\n        with open(data_dir / \"sclabels.txt\") as f:\n            labels = [line.rstrip() for line in f]\n\n        df = pd.read_csv(data_dir / \"spatial.csv\")\n    except Exception as e:\n        return {\"function_score\": 0.0, \"error\": f\"Data loading failed: {e}\"}\n\n    # Run the full TopACT pipeline and measure execution time\n    try:\n        start_time = time.time()\n\n        # 1. Create count matrix and train classifier\n        sc = CountMatrix(mtx, genes=genes)\n        sc.add_metadata(\"celltype\", labels)\n        clf = SVCClassifier()\n        train_from_countmatrix(clf, sc, \"celltype\")\n\n        # 2. Build spatial grid\n        sd = spatial.CountGrid.from_coord_table(\n            df, genes=genes, count_col=\"counts\", gene_col=\"gene\"\n        )\n\n        # 3. Classify at multiple scales\n        outfile = os.path.join(workspace_path, \"outfile.npy\")\n        sd.classify_parallel(\n            clf, min_scale=3, max_scale=9, num_proc=1, outfile=outfile\n        )\n\n        # 4. Extract annotations\n        confidence_mtx = np.lib.format.open_memmap(outfile, mode=\"r\")\n        annotations = spatial.extract_image(confidence_mtx, 0.5)\n\n        execution_time = time.time() - start_time\n\n    except Exception as e:\n        return {\"function_score\": 0.0, \"error\": f\"Pipeline execution failed: {e}\"}\n\n    # Compute metrics\n    try:\n        # Fidelity: percentage of matching pixels\n        total_pixels = reference.size\n        matching_pixels = np.sum(annotations == reference)\n        fidelity_pct = float(matching_pixels / total_pixels * 100)\n\n        # Apply threshold: fidelity < 90% => score = 0\n        if fidelity_pct < 90:\n            fidelity_score = 0.0\n        else:\n            fidelity_score = fidelity_pct / 100.0\n\n        # Speed score: higher is better (faster execution)\n        speed_score = 1.0 / (1.0 + execution_time)\n\n        return {\n            \"speed_score\": speed_score,\n            \"fidelity_score\": fidelity_score,\n            \"execution_time\": execution_time,\n            \"fidelity_pct\": fidelity_pct,\n            \"fitness_weights\": {\n                \"speed_score\": 0.4,\n                \"fidelity_score\": 0.6,\n            },\n        }\n\n    except Exception as e:\n        return {\"function_score\": 0.0, \"error\": f\"Metric computation failed: {e}\"}\n",
  "max_iterations": 50,
  "num_islands": 2,
  "mutator_model": "normal",
  "created_at": 1770686703.31008
}